Afghanistan,AFG,747.1105472,746.5671184,749.0689675,755.9223882,766.0657067,768.5551798,771.3320324,774.3877325,776.1675385,778.0227028,778.1290643,778.2801775,769.0336031,757.6505684,747.3341122,733.9886554,721.5662466,707.1887744,693.4486633,677.845507,662.6169461,649.7256284,637.161646,626.1621494,616.6693787,608.3015182,601.5117373,597.029332
Albania,ALB,328.8702051,341.01389,332.5505735,321.7097593,308.55295,316.2362117,336.3327086,345.2043365,347.5613609,351.044926,353.4203805,352.6976698,361.2005545,371.0265593,374.9742407,368.3825335,358.763966,339.9289863,336.9151425,328.2437002,322.9100936,319.5234784,316.3276615,314.583768,313.639088,310.4932952,307.1128029,304.1954064
Algeria,DZA,416.8678954,407.9395346,400.9948071,395.3893049,387.1437504,383.0818258,378.4775021,373.3111981,367.0339452,366.4071093,363.3301436,358.6814676,353.6476699,352.4969805,346.7136657,340.4561723,334.1856262,328.0785537,321.7407349,316.0801114,312.1666276,308.2452714,302.601537,298.0269547,293.7284125,289.0245837,282.5895028,278.3638771
Angola,AGO,421.8738108,421.1539117,420.6555984,423.5908461,425.2446106,422.4853938,413.0680629,408.2192284,416.0614424,409.3707482,404.8870281,393.3881564,384.5742667,380.4438021,378.0858457,364.9868885,356.5180644,344.0177959,336.4514903,328.7227314,320.4132892,313.3852881,307.1059837,300.0315406,287.9931483,283.1517212,279.1456211,276.0446488
Antigua and Barbuda,ATG,284.1303374,277.1716541,278.9077203,279.5579366,280.6876197,284.4043621,279.5024269,278.7717712,271.5331776,264.1515269,256.9644427,251.0546163,244.5811072,239.9520151,233.2992444,228.5674653,223.1036539,216.4138204,211.7634875,207.5421784,205.5266885,203.3597535,200.6649608,198.248131,197.8317123,194.3107126,192.8147648,191.5109217
Argentina,ARG,338.4649382,326.0300889,323.3927958,309.9837763,292.8032097,285.948453,279.5169319,272.5404262,269.7047527,268.3925757,251.3762988,247.7226613,247.2713203,245.530243,232.2156095,222.4215719,217.867055,220.5860592,208.6275457,206.3622132,204.9061007,203.1582789,200.3557004,197.9608493,193.1410608,192.1972872,193.129921,191.0321439
Armenia,ARM,480.4609453,508.1881754,537.7509837,548.7459284,546.6350101,537.4344059,528.8819014,506.811507,493.0722623,488.8193015,473.2366718,461.8390436,468.0348103,464.0458839,444.5856946,429.5651993,421.0427737,410.7912115,404.189927,396.2587896,387.9319923,376.022594,364.1050746,351.8896722,345.0186149,341.5349865,339.4902553,341.0098298
Australia,AUS,264.2676796,250.9981206,245.7730784,234.4377899,232.046985,221.8244883,215.197466,205.6400336,195.8757588,186.075744,179.0520373,170.1182159,164.9291651,156.1454267,147.7999109,139.3521241,133.7816914,132.3012377,128.8712486,123.1131932,117.4530038,114.2273622,108.5537152,105.0894904,105.1701382,105.3453639,105.9813916,107.7914246
Austria,AUT,319.188812,316.8317091,310.4775305,306.6487516,296.9657366,291.9490491,288.871439,276.7510066,271.3315742,263.0755891,249.8878739,235.2407434,227.4790577,219.1378707,204.6634993,196.1878342,185.5617095,182.0271114,176.0832285,174.6830498,167.3824172,163.1627367,159.0439176,154.8346461,151.0528967,149.3014859,145.4491869,145.1827142
Azerbaijan,AZE,454.9006692,489.2409609,544.1264649,579.1757962,620.2391921,626.6662779,633.7304702,628.9780466,628.7157789,616.5911525,607.9306242,624.2477729,657.079318,682.4991286,672.4242805,678.4792382,669.1597889,632.7240968,622.4219069,611.7261452,609.1467409,605.503157,594.412966,577.0034179,569.2291432,561.3327654,556.9871227,559.8121168
Bahamas,BHS,299.5264149,293.3069305,291.7449655,294.0155756,295.0924916,294.8762104,298.3582466,280.5227119,268.7803294,274.2869548,266.9669581,267.1203482,258.4418865,248.9908942,250.3908002,243.5117263,246.3091872,238.1828416,239.9959037,243.7502209,242.4644619,242.4396842,237.0113021,235.0365662,235.0962192,236.9815366,236.5669121,235.9542337
Bahrain,BHR,499.8111541,500.2901043,500.3167058,491.4314836,480.3588421,467.0601122,457.4280413,448.1615509,426.6684684,395.219456,354.7452136,326.6440475,306.5230004,302.7516208,290.6635081,265.6803405,239.9666518,225.0882864,208.4913722,192.4355725,182.6155734,176.2334861,168.7495349,161.3976077,156.2139184,154.6740157,152.6510027,151.688959
Bangladesh,BGD,277.1892846,259.1037254,261.5088153,258.9328612,258.2012147,264.257952,264.8914624,266.3690481,267.5172919,272.7723228,286.3775711,296.7806733,307.1150321,321.6026612,334.7010357,350.8627386,361.0466888,373.2564969,379.7371767,376.6876935,376.8674697,356.1783174,336.425331,322.8197517,313.3434137,303.1672671,299.240674,298.0025268
Barbados,BRB,284.9892369,279.6447234,275.4947258,273.1511745,273.192357,260.9518593,249.1283459,245.2520382,234.2111936,221.4936828,212.9108765,201.924889,200.4830625,197.0793196,192.8004657,190.0391537,183.4180379,177.0973793,174.6198329,168.1275651,167.1036026,167.6509352,165.6817932,166.7464478,168.877169,169.6871908,169.703968,170.0496975
Belarus,BLR,448.5199585,460.8115021,474.925653,516.7825206,524.1362495,542.1007904,539.366715,546.8931872,558.1757292,575.3712195,547.0527217,572.5448302,604.9224878,587.1827938,575.867292,584.0631621,562.5600679,533.5044173,529.8612341,532.6357129,532.9338283,536.587719,485.8399025,481.2072631,467.4326747,447.6966924,443.950371,443.1292119
Belgium,BEL,252.8345007,241.7606954,235.273895,228.6839281,221.0692525,214.2974444,208.9595596,203.4372022,199.6588005,194.7615777,191.1850755,184.7890447,182.2470026,177.6423286,167.2329369,160.6304844,150.4110266,147.7222007,144.9872452,140.4508045,134.3033047,131.4916651,129.5659149,126.5404664,119.7165265,119.85083,116.1125772,114.8975564
Belize,BLZ,280.2234463,276.0130814,278.0027127,278.8469649,279.1447233,278.9218421,286.2070463,287.8863857,290.9863824,289.9649106,283.5702234,256.8203624,251.4372417,245.9980465,235.7310702,225.46832,216.3645987,205.5224081,196.5092962,194.2568651,188.9694771,184.5122957,179.8021402,178.1178697,178.3041364,177.827532,177.0287947,176.9572978
Benin,BEN,287.6809368,285.5877656,283.1722035,279.6275835,279.3273368,278.7880051,278.8158328,275.4035259,273.2545571,272.1839636,272.7555114,271.5857925,270.0856633,267.2421054,264.3646065,260.592905,257.7631285,255.1102466,252.736841,251.6935559,250.5105847,250.733684,250.7266906,248.4190148,245.3664264,242.0931607,238.9727221,235.8480671
Bermuda,BMU,325.4933536,305.3487357,295.547557,288.0822283,273.4406376,255.1971213,253.7819711,239.0138811,231.8198704,223.4585682,216.4600155,206.4175278,199.5850856,193.9808967,188.5462926,181.1699997,176.5554079,169.2612498,161.5050598,155.5261567,149.8342182,147.3953568,146.581624,145.3660046,143.5909436,141.5511672,140.4220042,139.5473863
Bhutan,BTN,306.7139818,302.4769968,298.8286136,294.9693935,291.1844304,287.0833604,278.9977747,276.2580774,271.577901,265.9950367,264.7777485,260.6859477,256.2137765,253.7726723,250.5271152,248.3184066,244.6611762,241.8801815,239.0700441,237.5100906,235.0587515,232.628458,230.1100156,227.8163513,225.3158678,222.7243013,219.9492361,217.0658416
Bolivia,BOL,345.6189596,341.7710772,334.6277987,328.782738,318.6776417,310.2464304,301.4209765,294.1991108,282.8212364,272.8648128,262.306528,252.5795991,247.4133053,240.446894,235.4084784,231.7947662,226.9466499,225.2840884,222.5691468,220.0410975,217.6800239,215.3710361,213.0479856,210.8598389,208.9231587,207.1962928,205.5858608,204.2990306
Bosnia and Herzegovina,BIH,421.9438756,449.8413839,466.4128284,475.7020816,473.266155,462.9936896,439.9522066,412.4295888,382.8354198,377.1138002,369.0830901,362.5983965,354.2464642,339.965951,333.4760998,339.48237,337.5255518,348.324992,337.2964286,344.7581939,342.1082225,339.5564155,334.6851614,334.4964807,334.0659877,338.9084359,333.7344441,329.6345668
Botswana,BWA,292.1030859,286.0660972,279.048538,269.2496151,257.6920168,245.7761215,232.8033633,224.392439,219.4387202,217.8449513,220.990096,225.402793,233.0650051,240.4640857,244.7957585,245.5007855,244.5341827,242.1734637,253.4542063,260.2091957,261.2581214,262.3706377,258.3527673,256.1545171,254.2255651,250.077789,241.8905058,237.3720115
Brazil,BRA,341.7957337,326.8401601,321.4503071,320.8344363,311.4148118,298.9036138,285.7843985,273.269285,266.4299897,258.5138698,248.8339569,242.1365632,236.6688579,233.0854431,227.5654696,217.0501045,211.6905171,206.5524365,201.991299,198.4519346,195.5421421,192.2607713,186.653743,182.4662127,178.0147677,175.9413357,176.6136944,177.9605843
Brunei,BRN,373.0825274,367.8157878,359.3318445,348.0446475,337.8600724,326.1813093,314.1906627,298.3026762,288.8976767,278.0210467,269.2371564,262.0073431,255.9067752,249.9988676,243.2070278,236.1474466,229.8481628,224.2638098,219.1366469,216.2187822,212.2082688,210.3746605,208.3361436,206.3624142,204.129722,202.3457255,201.4845801,201.2846201
Bulgaria,BGR,575.4879191,568.2735388,580.6142929,585.2001862,602.1041096,611.1568684,620.0493719,647.5895038,622.9789837,592.108673,594.9702104,584.8408954,577.975627,560.1817323,542.2571799,534.6587139,529.0488396,512.3670657,492.8906962,477.9615585,471.6960763,461.4118249,445.3815601,431.9586275,442.944012,432.011518,426.0956894,424.6880606
Burkina Faso,BFA,248.8088015,245.2768723,244.2067993,243.5464724,243.7759502,243.5345338,243.8267664,245.5650809,245.5565139,255.7677433,263.5228726,271.1720876,281.4951464,277.9659716,277.945675,278.218395,279.3612929,279.6333469,280.0049802,282.0725582,280.2482712,279.2169196,279.6887775,278.8667757,277.4883184,275.2914914,272.4182306,269.0484653
Burundi,BDI,508.0027819,499.8363487,492.7292343,488.5089904,482.9775505,481.7497476,479.1098714,470.1255931,458.4616312,442.4246506,429.0907496,407.6885399,391.9663422,379.5384628,370.2257173,361.2193725,348.396856,337.3972198,328.6146565,321.0395177,317.0039503,313.4533235,309.8407407,305.6670412,301.6340607,298.4789963,294.9723255,293.0676517
Cambodia,KHM,426.7133114,421.8523923,417.6328807,415.3263336,412.4240699,408.6817212,402.5684358,395.8739688,389.3767784,382.5888864,375.8963959,366.2877233,356.5419282,346.7905731,337.7784448,328.5129112,319.017419,311.1789713,303.7469841,297.5214273,292.1625468,287.36846,282.9461127,279.140119,276.3573918,274.2152306,272.3827565,270.8921854
Cameroon,CMR,276.5633052,277.2497021,279.3669054,281.5606957,282.9545577,284.226357,286.7504151,291.1995984,294.7955101,298.6762991,304.8354485,304.1661972,303.708133,302.9851215,302.8921864,303.1529076,300.1157624,296.5769094,292.3333357,288.4709636,284.2885412,279.2153807,273.7570006,267.7385488,261.7221711,256.1282426,250.5943336,244.6605172
Canada,CAN,221.4983052,214.5147768,209.2098436,207.2027106,202.7208507,199.5540158,194.5466299,188.8525013,183.747033,177.6338081,169.801501,162.7271872,157.4048397,151.9981044,144.2948906,138.6636778,131.2082684,128.0611219,124.4497479,119.0095057,113.3616447,109.0682648,108.1467099,104.8800866,106.4622018,107.302811,105.953204,105.5992804
Cape Verde,CPV,227.0174491,226.5160926,224.8185686,223.3684379,220.7177347,215.5500429,210.7693326,203.5281748,199.2224915,198.8416246,198.3541002,197.0980932,196.3557575,195.2724853,194.346029,193.8709792,193.5901983,191.1389304,190.4052398,189.6476782,188.8948406,188.2539465,187.5643769,186.1392378,184.525652,182.9646281,183.5097377,182.2187698
Caribbean Small States,CSS,330.2565,323.0725079,322.00921,321.8391378,316.3815383,310.6167416,302.1615554,288.7673794,282.7179636,274.7733092,263.0705992,257.6665409,245.8720666,244.6428109,244.3845384,242.8829351,234.1330212,231.4792888,231.5208929,230.2525303,227.4874982,220.2950303,220.8026092,223.0386508,225.1265316,227.4423209,228.9959339,227.3708521
Central African Republic,CAF,494.915539,493.8298474,488.2686977,492.8260904,490.4513848,485.5750703,487.6963402,483.7953065,482.5400241,480.1847089,475.160644,471.2356717,468.5582734,465.2370801,461.1814108,457.6961314,455.5882002,453.128313,450.7133727,449.8535364,449.9550511,448.0680804,444.1785079,445.3755487,444.5943948,443.605548,440.7928165,435.7265417
Chad,TCD,286.3922064,280.878233,279.8447122,280.6702058,279.5137279,278.7990625,284.0270118,286.863012,288.9467864,292.3797245,294.6621648,295.6594783,296.8841815,298.5391404,296.4798636,292.0040287,290.0410897,291.3985931,292.596739,293.8994426,295.244663,294.483801,292.8465953,289.2614626,287.2985242,285.0531592,283.4846649,280.9954659
Chile,CHL,258.6761667,235.3884454,220.9760548,219.1225749,213.5431451,207.6062868,199.8394353,192.3150039,189.9781635,186.5037497,175.2292698,175.6468807,167.3967943,167.860072,164.7283473,157.6295726,152.175515,149.2650379,141.1611721,143.5020013,143.5549802,137.5582498,134.5104719,132.7627922,128.2850326,127.0565738,126.623873,127.9929128
China,CHN,332.3384655,328.2541017,320.5756989,314.5939693,308.2797538,301.4501842,297.2881518,293.2122914,291.5942667,287.913612,289.2221892,289.2823595,292.6430016,297.7753918,297.3182764,290.1975357,277.0194942,271.5015418,273.8711671,279.4100934,283.83266,284.0113944,280.5498859,271.8287122,271.1663371,271.1418888,268.0772492,261.8991235
Colombia,COL,266.7834865,273.218232,270.5639389,261.1820153,260.9625166,260.0228682,251.1502412,222.7421681,208.1210938,201.8230602,195.3817844,190.1408846,198.0657064,183.6971308,178.5563319,170.907686,169.919765,161.4554991,156.9041058,153.2298909,146.5683158,136.7838238,132.4048674,128.4023286,125.6791871,125.6327056,125.0976799,124.2397879
Comoros,COM,430.7115455,424.6030384,417.8882836,411.7055106,407.003799,400.867643,393.6415405,386.2114986,374.3309,358.495629,347.2534301,333.510999,322.1729127,311.5094433,303.061153,295.5318013,290.2201951,284.3999351,281.5765148,277.8206376,274.3454652,272.565457,270.2106926,268.2238154,266.5605711,264.7805458,263.0311942,261.5161285
Congo,COG,503.3561159,492.2198054,487.8098524,488.1543849,500.413873,513.2783019,510.0657291,508.0844949,492.6794977,488.529679,485.4698629,457.2733235,440.6125237,432.3086726,426.7286313,427.1942319,408.1433453,399.84041,390.3860572,383.7722436,383.9512648,367.7472541,362.4705721,355.4335841,354.159436,355.7912262,345.6893546,344.0941659
Costa Rica,CRI,222.1577159,221.6844218,220.6347896,217.0112315,220.5245597,218.9893214,202.8454631,189.9516483,184.5364598,182.5004718,170.8838085,167.3367447,159.5957359,156.5169498,153.907822,141.7805204,141.5584577,124.6049264,124.5825026,123.1617815,132.9113175,128.3783558,127.0397857,125.5240833,125.6536798,129.9302258,136.8901866,137.9732135
Cote d'Ivoire,CIV,349.6392776,349.5958223,352.2792247,358.433495,363.5922216,369.8184397,370.0561623,367.9700675,368.2759746,370.1304731,373.3193484,372.9294862,370.3506061,369.0117874,367.56406,365.449511,363.6756203,358.3248549,351.2499399,344.4578852,339.4691226,334.9583622,331.8478776,327.8072847,323.2328467,317.2701357,310.1642037,303.7401117
Country,Code,1990,1991,1992,1993,1994,1995,1996,1997,1998,1999,2000,2001,2002,2003,2004,2005,2006,2007,2008,2009,2010,2011,2012,2013,2014,2015,2016,2017
Croatia,HRV,462.6788939,444.9841464,425.9254072,417.1105557,408.0348238,407.4447769,414.2229806,417.5596525,408.386878,400.408548,378.8752814,369.9480489,371.9003375,373.7035028,352.130769,347.5543705,340.7619583,343.2151009,338.345393,317.5806447,308.912145,297.8889101,287.9292173,271.7611049,270.2572199,275.851414,257.1541933,253.7820763
Cyprus,CYP,284.7034384,281.9818679,277.3936985,270.6845082,265.4812744,262.068934,263.5772561,270.7369849,272.1048861,270.3544811,268.5848334,261.2136435,255.4852871,249.6553433,242.9274114,231.39473,219.9087162,208.7955265,194.4084863,183.1494394,171.418277,161.9521071,154.1645319,149.3500156,146.5939735,144.1677312,142.0852052,141.1707921
Czech Republic,CZE,530.3376176,506.4323896,488.227487,466.9929709,454.2327786,451.9129806,427.1453446,421.4437448,400.9095447,389.8596531,380.200997,368.9604357,361.0094769,362.4390663,340.2025431,327.6540313,307.6242863,296.3549468,289.4651028,279.2687269,268.1608348,261.2768833,255.0736922,247.7253149,236.2921375,234.9350149,229.2269347,227.484904
Denmark,DNK,308.7856479,297.4030982,294.2389751,291.9183933,282.741646,273.433479,258.0964669,241.9799838,224.9695247,224.8665303,208.6808273,205.5503776,202.5224493,192.8619484,181.0568117,168.7966126,165.0359627,160.0550897,150.3219363,145.3191037,138.5618615,129.2064182,123.7471435,119.6810424,114.5940634,112.4520458,113.6297929,114.767297
Djibouti,DJI,352.9849027,354.5201905,356.2371784,355.9430646,356.4136278,355.8587544,354.3001393,351.4967714,346.5711177,338.434095,330.4435665,321.7541974,315.258572,308.999205,303.7489242,297.0259753,292.2594151,288.1996681,283.336132,279.9790791,276.4172226,272.5446714,269.4192307,266.2792036,264.9037902,262.1242815,260.3391731,258.0370688
Dominica,DMA,291.6047137,289.0270408,286.4838349,283.3620234,279.4668326,273.9565821,269.2205151,259.5232644,250.994859,244.8230604,237.2352208,231.7674454,227.3153386,226.1956187,224.0669142,221.1463623,219.8373982,217.3497147,214.1782545,212.8968414,213.8843332,217.6279649,222.4317076,225.8035086,230.0868279,229.757195,228.6739684,227.3759739
Dominican Republic,DOM,251.9659653,241.7139591,233.2371915,230.6257093,222.6356626,218.9023237,218.2683423,217.7796604,217.7553218,216.924545,210.5410189,209.7459233,210.8675061,216.5125071,223.3550328,227.9653107,233.6503336,232.0785104,231.7355108,232.1918296,234.3249795,232.5872367,240.337009,251.5840964,262.2084002,269.4831033,271.4305633,266.6530364
Ecuador,ECU,208.9253101,219.8113569,216.1468036,208.6359987,200.4980702,187.3555929,187.4985817,175.7535086,176.716241,175.8923975,171.9786967,161.9034351,170.8743714,173.0717669,172.3751557,175.3002252,173.5126859,170.5705752,166.1897646,159.6948205,157.0639755,155.3874757,152.1424599,146.4863634,143.4002313,141.4746809,141.8466954,140.4477892
El Salvador,SLV,237.7727718,234.3082623,239.2762652,235.1927364,237.4836882,214.2096793,209.4362535,194.8853144,187.2882652,183.1042595,175.6369327,172.3541357,169.1363034,171.4346174,177.7383389,179.3034386,174.0173147,179.8824033,172.7638794,176.0687579,170.6302029,170.2624939,161.1912288,163.5420463,171.2515337,171.680186,169.1991926,167.2945016
Equatorial Guinea,GNQ,533.612508,528.7063128,518.4198465,513.576822,508.7926051,503.3480666,491.7259166,449.3592665,421.0158659,395.7070616,367.87845,337.4847809,309.5248739,294.8838763,276.7255889,263.0251238,257.4452675,247.9161716,240.5267427,234.2717463,227.4270045,221.1332521,216.8066956,211.8542552,208.1030396,206.5315314,205.1367503,202.812061
Eritrea,ERI,512.6689312,517.8688617,505.5336895,491.8264504,481.7315337,453.9728132,459.2832553,443.9815389,428.1817954,412.0641788,389.6172574,389.9205656,381.1421486,375.4395852,370.2619325,362.7719586,361.7003597,356.7065854,352.5359508,348.3402026,346.4383761,340.9149353,334.8274664,329.1927323,324.1290684,323.7581905,317.4691021,311.1095382
Estonia,EST,548.3042719,557.6458865,545.6099028,575.0288242,606.5823242,572.2664573,514.8616417,502.0881436,513.2294623,484.9798596,472.7945416,477.2554645,458.1921271,439.5959061,419.4308364,404.8586666,394.4630263,385.6036771,360.1613372,343.5088511,316.7473952,305.6447433,296.1914797,283.1585241,275.2915575,261.3363487,258.3996351,255.5693033
Eswatini,SWZ,362.4370353,356.3101858,347.7242264,338.6819689,337.0741808,341.4506266,346.7411297,347.5615182,361.0500059,377.25221,404.6249357,420.6506939,438.7920355,445.0816062,449.8747674,453.6195242,446.5402533,440.3391552,438.3575152,435.3513891,427.7443195,415.2129866,406.7726289,396.8881554,381.1986989,362.5340176,346.9089682,333.4355757
Ethiopia,ETH,402.7525106,399.1851889,397.1431725,392.9861089,387.9864528,380.6615098,368.6348867,357.9563597,345.547183,332.3747244,318.1848752,305.0795581,292.7966557,283.5790828,274.9238071,264.3635538,255.5508234,245.6227193,236.1570323,226.5897423,216.2544516,208.891808,202.2596951,195.0444921,190.8936739,187.697079,184.7659254,182.6344309
Fiji,FJI,465.696983,468.7338255,470.5388767,473.7259182,483.2108588,488.8924853,499.5143569,522.9260043,515.4418504,522.7116574,518.1547256,502.2462273,498.1271663,486.1858495,465.4895307,458.0557492,458.0215161,454.6719042,454.2383689,445.1526543,441.5644969,432.6726853,428.9719813,425.5688839,422.0867804,418.3935319,415.3742577,412.8204196
Finland,FIN,336.3231601,321.4380057,315.3656211,307.2951045,286.5766876,282.9619554,269.3456415,262.3391678,253.443891,246.9269142,240.7000441,230.3948182,225.2391527,217.1878873,210.7104587,202.7471011,194.6133953,192.0920549,187.2509216,182.7411006,177.8675487,170.8164319,166.3230107,161.4916351,155.3771513,150.917071,151.9963157,153.5066472
France,FRA,192.7293808,186.0084038,179.6809983,175.2786079,169.063412,165.3450062,161.1072173,155.0598865,154.2197584,150.3767623,144.7393834,141.9786996,139.352141,135.5528242,124.542051,121.498717,116.7717162,112.3668446,110.0826622,107.8884873,104.1536289,101.1826825,98.41531233,94.56984849,90.36320254,89.49956065,86.92194569,86.06042893
Gabon,GAB,373.7131464,367.6845473,362.6523805,359.4403805,361.0763811,362.2458871,363.9737687,357.8000914,354.4384826,352.039967,351.2459051,349.7630541,340.2670517,339.5947918,336.5258989,328.3281277,325.1254646,315.0598535,310.5197291,302.5783694,292.6554167,288.2792448,282.3128855,275.6287995,271.1242755,267.3335829,263.2047544,259.966692
Gambia,GMB,328.1769362,325.3467169,322.0305512,318.6446453,317.9908955,317.5711139,318.8393341,320.0670759,320.8385166,322.3619503,325.1564723,328.4403912,332.1129762,334.236441,337.1843084,339.6989208,341.6025208,342.2460026,341.165338,340.5568907,339.6928133,339.64449,339.5752988,339.1221699,337.9237809,336.264126,333.8190015,331.430283
Georgia,GEO,568.2054508,571.6226412,577.7728626,563.7973621,581.2940276,545.5195202,518.8215949,512.7873461,509.1372191,506.4104561,511.4290677,522.0796122,551.0502745,550.0927812,525.8071938,500.8260106,481.1678521,476.8260922,495.7688948,512.6866724,509.1727668,496.0685133,477.1479043,465.1826196,465.9317829,478.0930885,494.5972164,496.2180377
Germany,DEU,325.8583899,316.3850613,302.2865494,296.5003317,285.7325324,276.6977592,269.1376298,258.5571598,246.9499312,238.3629222,230.1652061,221.3082479,218.1589881,212.8641478,197.3362946,188.3919767,180.6047597,176.2489738,173.1959748,169.8536839,164.8143255,160.844555,157.5966671,158.7530191,153.0305296,156.7182462,159.4687281,156.1385495
Ghana,GHA,303.5857889,300.0948876,297.4856577,291.2561911,288.9760047,286.9593981,295.1628902,305.0142674,310.3023996,318.4534905,326.4272417,326.0688746,325.5432624,324.1074363,322.1873224,328.0920864,332.0382401,332.9920612,328.6522267,326.6943328,324.2312077,321.8693918,317.6748911,313.4600702,309.4466514,306.1698914,302.6387993,298.2452764
Greece,GRC,285.8763451,284.4003386,285.3046915,275.1403285,271.0168909,269.92516,267.8314672,261.5940633,262.0108178,261.77751,257.9663498,254.1063312,252.176322,253.6152086,250.1210441,240.8271297,229.2601017,229.5958305,217.2155143,206.8260535,199.2264035,196.8633992,195.1275785,182.7938067,174.4824989,173.3689187,174.8579052,175.6948368
Grenada,GRD,432.1908793,417.8737381,407.1972867,393.3557026,377.155147,357.3422579,328.5153421,314.3958586,298.5955137,276.7258493,264.6557662,254.8695615,250.7292833,245.3848969,244.6743945,243.0427353,242.6924479,241.5939008,244.6719865,246.8318531,248.8689943,249.5311639,245.3487663,245.730907,247.2579985,245.5943615,246.9333101,243.9639438
Guatemala,GTM,234.1679885,254.1130151,266.0216044,265.9898096,263.6416438,224.0480654,203.8948481,210.5762051,209.5858372,193.0214246,196.9647687,187.3962421,177.29236,175.5633563,172.0523833,172.9977804,169.4419932,159.6289877,154.5075111,160.1605271,158.9956422,157.79497,156.0654485,152.8257275,154.0593189,153.0414987,156.2472273,155.8976914
Guinea,GIN,306.9617461,305.2199262,304.3135074,303.0607837,303.7530601,302.1612999,301.6346581,301.7683588,304.1888436,308.7875982,311.8996958,314.5837164,317.4128432,317.8072593,319.029554,319.5843753,326.6566463,331.3762032,334.5195091,338.3558974,342.0297213,343.2819646,344.6041621,345.329579,346.6670783,344.5728198,341.0749839,336.7168477
Guinea-Bissau,GNB,462.2385316,459.9571667,458.7324417,457.4932518,455.9125595,454.2160933,452.3301606,449.662596,451.0136045,451.9496164,452.0323114,447.1722014,444.8660764,441.6744334,442.3713243,436.3374966,435.3077428,433.6458593,429.1474411,425.9461989,420.2665243,413.3254346,408.9970466,404.2759324,399.4900097,394.6129172,388.955723,382.4742522
Guyana,GUY,521.3138185,496.3898911,462.5990175,477.5146052,481.0340057,496.6125137,489.8885393,461.490033,441.9787418,415.7032122,427.7165848,424.6539491,420.259036,412.2399365,406.7032378,407.3641266,394.6846583,385.9436533,375.7256358,368.46653,386.8467409,403.6667421,410.3258965,397.3869214,391.3552053,384.6005276,378.6516947,373.1587564
Haiti,HTI,614.3892222,604.1964206,593.3849449,588.0288775,580.5470061,570.1366939,554.6096641,541.4823848,529.9207989,521.1759479,510.6544789,501.1599803,491.4066495,485.0311326,478.6285859,473.9920724,469.1576349,464.3252431,459.9271708,455.480146,454.9508278,453.832355,449.4536355,444.9150444,440.8220292,437.1738446,433.9231336,430.5481445
Honduras,HND,250.5926995,247.5511783,258.9766791,263.1974247,259.6882708,281.0649422,279.0668886,276.9469966,274.6810631,273.2160014,271.1016413,269.0655489,266.9726078,265.1374488,263.0599942,260.5938161,256.6905919,253.2667874,249.6280753,247.5154876,246.1876381,246.4754377,245.7406322,245.7757107,246.7132003,244.6593075,242.4480726,240.2083213
Hungary,HUN,502.8239321,492.6038126,502.553422,500.9246443,483.7569305,474.7314295,451.9711907,442.3375879,443.4670557,440.6846516,410.0313087,389.361881,385.2041288,383.6990604,373.1484812,373.8764227,358.046841,354.1532381,339.965191,338.9602148,332.4615476,324.3800881,319.1580451,306.5562137,296.4801263,305.303704,285.4093898,278.2961
Iceland,ISL,245.7302519,241.2103106,235.009249,231.4163426,230.0629874,226.1354668,222.0255702,215.5820509,205.2833792,194.8820207,185.3895164,178.3553843,171.1204093,163.8415735,158.5079811,152.4619488,147.0118171,141.1263432,137.5106881,135.2060372,129.5060872,125.380189,123.778077,122.4272135,121.2158678,119.9650013,117.9969779,117.9921394
India,IND,317.6679333,317.0153379,317.3222861,309.5362405,303.3588687,296.6771061,295.0559557,305.5116426,304.0679763,293.8787502,291.5234634,290.6787244,286.4187303,279.2839417,265.616276,265.9113651,268.6634756,270.9421646,273.8964337,276.1286422,279.7247231,283.1570518,284.8791412,284.0366375,283.6081243,283.7758968,285.4778764,282.2795364
Indonesia,IDN,329.5220634,326.595437,323.8681672,321.9150387,319.6657889,318.5181353,319.3290613,320.8706372,323.0136414,327.8875835,334.8025575,339.5007323,343.4094695,345.5777027,346.9257288,347.5716592,347.3516247,347.0446628,350.2309682,351.5678441,351.745922,351.0077207,351.0439922,350.7424124,350.6391539,350.4105887,346.5784973,342.8636886
Iran,IRN,401.3274236,396.1466678,387.6835357,379.8470992,371.5692086,362.8862098,354.3702748,345.9870567,339.8117906,334.113763,328.8953051,324.8427196,322.282963,318.2408748,313.4200028,309.1354343,305.8711552,301.1808367,295.0620765,290.0656797,285.8827121,281.1585888,275.3435948,271.6485949,271.4011463,273.1127931,272.3686819,270.3077195
Iraq,IRQ,595.1198521,607.8715201,616.9172917,624.2363941,624.9920447,630.4403978,637.3518013,642.1753495,615.4525332,598.567869,596.3777551,559.4314463,554.6186068,524.4180961,494.6927744,466.7104426,439.3687187,413.774089,384.8129522,359.1618904,338.5321589,311.431761,288.1152999,275.2608812,254.7061179,232.9021173,222.7199949,218.6120837
Ireland,IRL,345.0620809,330.8794197,323.8102124,320.3501266,308.5736565,306.3949307,291.6055951,281.9615705,272.5084584,266.9331902,254.8243447,235.2340989,222.0286645,207.6940397,197.5389673,185.6771519,179.087904,168.8449824,163.9278681,159.6952985,142.2799917,142.0708122,141.2930252,137.4662987,132.3390549,130.132672,127.0776811,126.4586136
Israel,ISR,264.8489829,272.4686313,276.6630919,260.725943,252.6293727,242.6229631,225.8508783,212.0857647,204.1221231,189.5467859,179.2970989,168.5028454,162.4051332,154.0310616,145.1477909,140.7107871,133.5604396,129.0812791,119.622572,111.8483202,106.8152332,106.5725475,102.4828988,99.87728742,97.09787534,96.72662853,94.08570066,93.31980673
Italy,ITA,244.6348644,240.9155646,230.6038634,223.4569171,218.2700011,211.2046336,203.7748758,198.2657421,198.3500522,189.2642714,181.3226605,173.6740541,169.6772202,169.0030985,155.9758597,152.0730765,145.5129383,141.7096722,138.911587,136.2876605,130.5663243,129.1328291,126.802984,122.0702832,118.322097,120.6428961,115.4596128,113.1509766
Jamaica,JAM,275.0618157,262.4814279,271.8183562,266.862026,265.1569016,260.2366392,246.9449646,235.2611704,224.1716751,222.5174762,211.8218414,209.036337,201.7516025,191.8697508,183.0571396,169.2092654,160.0542723,172.2653605,181.4244348,193.3218563,182.64213,179.1564945,183.4702376,197.1180071,202.5363024,201.4380133,208.6857488,206.5372868
Japan,JPN,183.7158693,177.1818014,170.9823201,164.166967,154.4994874,150.713205,140.3149812,132.7566697,129.9749085,126.5543793,118.7275331,113.4419098,108.7274276,106.6421335,103.5682461,102.567492,98.56235409,96.05964934,93.8024127,91.17169881,90.11393734,89.78450719,86.83022675,84.51894599,82.15665439,79.37474584,79.35763767,79.37036342
Jordan,JOR,354.2725966,352.930028,349.5419568,361.8767998,363.152207,367.0911393,369.4292134,363.5048065,358.5243637,352.8233295,340.3071968,334.4125185,327.2753596,307.7530451,301.7960434,297.464623,293.6710971,269.8167369,248.8369802,238.8941678,232.8698028,226.9201564,220.652695,215.5778001,214.2223529,210.3594219,208.8668808,208.2567567
Kazakhstan,KAZ,467.178833,486.8351381,518.3526186,575.3432945,618.2207829,663.401242,674.9161406,666.4013565,648.9117718,634.0385452,648.2537773,647.4644592,648.3302486,660.5554395,650.0912376,649.3051725,645.1943666,632.1233576,605.0006261,570.5641938,568.0561054,558.0130032,542.0063174,517.5382455,495.5191547,482.1750598,478.2345899,466.7918006
Kenya,KEN,243.9343876,244.2896907,245.6732893,246.6899465,247.5269071,248.438794,249.7453734,252.328384,255.2900295,255.527039,258.0074244,256.6807891,257.750162,256.8808339,258.8253295,257.5477386,254.9683045,252.0266975,249.2996876,246.6038115,243.4231888,240.1316607,236.1149177,231.4123767,227.3674094,224.3147082,221.6553438,218.6365956
Kiribati,KIR,485.0511118,483.2573048,482.3512939,485.4200005,482.8113989,482.3335369,480.171988,479.3372379,479.5367344,480.5216435,477.3569991,473.5588215,469.5198602,464.5993672,461.2862711,456.799306,456.5923645,456.3217033,455.9841634,456.4739586,456.4370236,454.6247247,452.3546035,449.4588261,446.4585856,442.8094551,438.6426512,434.6566857
Kuwait,KWT,241.2325796,224.1515516,207.4856531,201.8445176,201.6884247,205.0970082,200.7418847,206.8374111,206.6691757,210.4899332,207.6562133,195.0692099,189.2430846,187.512522,191.493263,195.7157465,196.5514062,191.4051859,189.3776883,175.6470836,159.1733469,147.7927624,144.1777131,138.4773759,132.4023643,131.5929204,131.7586748,132.235141
Kyrgyzstan,KGZ,477.9936801,483.9195952,503.7598631,533.5273864,548.7586632,539.2641496,526.2260479,520.8424658,516.826398,505.3870361,506.9394698,511.0877292,518.711154,528.0067133,534.5059356,546.4482952,553.832518,553.9666058,544.1123106,525.0605457,511.4205054,507.0409127,502.5451685,493.9719111,488.2010821,468.9740477,444.5354409,436.3624176
Laos,LAO,624.5723399,617.1038503,609.1420721,601.5809335,594.1617265,586.3759851,577.5648571,569.1723324,559.9137808,549.6236263,539.2934336,531.0283698,516.4886579,505.3435468,494.9292514,486.1370549,475.5879927,464.0166416,453.7888363,442.577906,430.4047013,416.8301087,407.2573927,398.247303,389.5245103,381.2276913,373.9311106,368.1113893
Latvia,LVA,543.3979179,534.5403567,544.8947038,600.3115727,640.217543,603.0679859,527.2806169,505.8608065,519.3446663,493.9964957,479.0652037,495.8868678,485.6486312,478.317122,470.2158897,476.8629526,497.0337457,472.5982537,433.7701818,413.443622,406.9801159,388.5160292,380.7537595,380.8259897,367.3872566,358.3736786,356.6328194,350.0599329
Lebanon,LBN,416.8094727,404.8309856,396.3122825,388.1726474,375.7668386,364.5023974,351.7169702,339.5743896,326.7206085,314.6069112,306.8357615,302.6056623,299.4894431,297.6915382,296.4433805,293.6095926,291.5888994,289.0136616,286.5739465,283.3433107,279.1665288,276.6687124,273.4366465,270.8928463,269.6364905,268.8346013,268.0993843,266.5912645
Lesotho,LSO,333.6527505,328.6055536,326.1277502,323.0924123,323.2063359,319.4283432,316.314078,317.3943273,332.4354258,346.1464158,375.3315317,381.2004067,397.9442976,420.1394082,429.1677648,437.936505,437.1227307,441.7673047,453.5195305,449.2284313,449.9865131,444.8946972,445.6901243,446.5795096,442.5870734,437.0814157,421.779782,405.125762
Liberia,LBR,311.8807622,310.7610325,308.8203224,307.9933161,310.2977134,307.6948874,315.4454765,312.0535553,308.6670965,302.3722505,296.9767387,290.3331056,287.5257386,285.7672365,284.4409801,282.2354831,282.9300688,283.5295416,283.279541,285.28703,286.0435881,284.4704437,284.537953,282.6084662,279.1655742,276.874626,274.7671576,272.5093279
Libya,LBY,354.1908111,350.5857682,346.9895313,344.0392401,340.7025266,338.084676,332.2556726,338.9727085,341.8839539,343.4542134,344.3117845,343.9108285,342.2175585,331.2323615,327.2817766,327.2681275,310.9294545,298.921084,304.5980421,333.7239119,342.3739619,336.3600718,329.5508421,334.5099381,338.79111,336.7363635,339.9318769,341.8622008
Lithuania,LTU,459.0528032,470.835417,468.6007392,509.2656838,517.4992373,501.2347623,468.5351644,441.5691776,432.3149798,414.646573,405.9362153,422.1124365,411.1795582,412.1100223,410.862816,428.8781287,435.0189588,439.4225866,420.4689567,385.0979022,383.4679166,375.6509566,368.4408348,367.9030212,352.1904333,353.2234265,348.2003954,342.9891589
Luxembourg,LUX,305.2871314,295.4100336,285.9198349,275.918227,265.6799274,261.2054136,259.3531693,249.9996206,238.11767,228.142597,220.5212551,214.6547173,209.8263431,201.8484716,194.1333606,185.7251174,178.9749086,168.4889204,160.2151268,155.2854768,151.1845006,146.3988621,142.4060414,137.4530548,134.16491,131.6102717,129.0627534,128.2750609
Madagascar,MDG,474.4865904,478.9862064,482.2295085,501.1524975,480.9264076,477.1869457,481.5299454,485.7566799,492.6780478,486.4485413,479.5169596,468.3599329,482.9431511,480.4754661,471.1204035,455.7206396,444.8131577,435.3030847,433.4850992,433.1647533,431.6944525,429.0223321,425.4296331,421.5882326,417.8031844,414.3495208,410.0927687,405.9940831
Malawi,MWI,304.2246328,307.397239,316.2071264,324.5199202,335.8233582,344.169291,349.2684468,351.188093,354.0937016,347.047366,339.0539498,326.7985486,316.6683392,308.6484502,300.2139877,288.8570678,279.2514523,270.5669122,263.1110482,256.6373385,252.8620545,247.3721865,242.7028092,238.6361734,235.1065851,232.5338489,230.2833666,227.3489622
Malaysia,MYS,392.7931539,391.694891,386.7830451,376.9712091,369.2909282,372.2790321,363.9125374,352.6242767,343.8675661,345.7234743,347.6262696,339.5216366,333.1364182,330.9433201,319.2211959,304.0760565,292.7160718,285.0179783,286.4936798,288.8433173,280.7065625,262.2113855,256.2147796,250.3223203,255.474017,257.7271467,258.715061,260.9423475
Maldives,MDV,477.1728503,477.1289578,483.7237141,469.1968016,452.3626578,452.2513925,438.2609336,425.1251275,408.8294394,383.1628557,368.7345581,348.1715773,326.216485,309.1018455,298.684411,290.4249712,276.1316372,263.8548906,248.7157667,223.8313209,210.7665297,196.1964162,183.8149144,177.5325824,171.8516425,168.4306864,166.1878453,164.9051425
Mali,MLI,366.3765143,359.4676951,355.4228563,349.3651975,346.5159713,344.509667,340.8053272,336.1315103,330.8392235,325.5908695,321.8788742,314.241619,308.6345105,300.553631,294.5658756,288.8986017,285.1854975,283.2040534,280.3852031,278.2097007,276.952665,274.6050852,273.0864616,272.1027613,271.2565448,270.4915809,270.1557549,268.0241802
Malta,MLT,326.721149,317.4959075,306.4115303,290.6252149,278.3717378,272.5975701,266.4198811,259.4502603,252.6420092,251.1198399,247.777424,242.4793828,233.5289901,227.5816718,221.9745067,218.5787942,212.1601543,205.7588129,197.2393367,190.0209138,183.9580971,178.5473868,175.5082105,167.9383902,163.838217,163.4849282,167.4932722,168.7106648
Marshall Islands,MHL,614.5538284,616.9246984,624.4889155,631.7572545,629.6137982,633.5823434,632.7027016,637.1803366,642.4564574,642.3944582,646.480792,643.6719948,640.6503447,643.2325887,639.0318995,640.5274704,636.5662097,630.0168085,627.2964903,618.0003576,615.1400928,603.4077395,594.8088394,589.1621968,578.610979,575.1416243,564.4997415,557.7926116
Mauritania,MRT,368.473061,360.4879018,354.7192044,348.1017899,342.4224459,334.5229584,327.0200459,317.6684938,310.0359301,302.4151896,297.258507,292.7617586,286.1941752,281.2061312,276.2683129,269.8414509,263.8211604,259.1476788,255.7619037,252.2385456,248.2729872,246.0106968,243.9252612,241.7317362,238.6505252,236.0510635,234.201741,232.3471579
Mauritius,MUS,475.8840809,456.9085778,458.1520664,462.0312714,455.3883839,442.894989,439.514687,448.6212868,433.0603734,424.4116059,413.3264089,403.826148,394.0781761,377.0130029,353.6867426,330.5886448,308.5308739,277.237475,262.9032047,249.5755996,234.737824,224.5264501,226.5076879,221.0817351,222.4003914,223.4589114,225.6892645,224.644175
Mexico,MEX,195.7481193,193.5657052,194.5780449,195.5818785,194.1781563,192.8335313,186.8858479,183.5126103,179.9006077,172.0984696,163.4734287,159.0553782,159.2096671,158.9425292,153.8364089,153.9059564,148.0583356,145.1311283,149.4874278,152.6258611,152.0330688,148.8895007,148.8660098,150.8245201,152.5696194,152.5523151,154.1592049,152.7829032
Micronesia,FSM,532.4859168,529.0321138,524.9798603,520.302689,516.2944866,511.0540873,506.8480392,502.8182,497.9296561,492.9839342,487.4113121,483.1106643,478.1335522,472.4914961,469.7759536,467.0490294,466.4465346,466.0113662,466.109878,465.9514794,465.1991021,463.0163952,460.7939965,459.3947078,458.9149049,458.0428796,456.2349486,454.3433864
Moldova,MDA,561.5907625,592.0225029,589.9230759,621.8266081,679.9618351,695.9957,659.619742,606.0883647,573.4725635,572.5181817,576.8748484,567.1222221,559.7087698,552.9980109,547.3369299,559.3321049,544.4280349,526.30728,510.7564429,511.2774254,508.1909893,469.7603803,452.971609,433.2756412,441.0283775,444.7514935,421.5451218,408.5022023
Mongolia,MNG,601.1617681,613.6158712,608.1782754,616.0316401,639.0527182,679.2507464,704.0292331,718.2827772,718.5113167,716.817257,701.6136366,691.0287558,688.0305749,676.6231974,665.4761127,665.6292793,639.4420938,606.4237743,596.4328007,602.0047344,576.9588716,550.8118158,519.5054164,495.7507915,477.5320291,468.474064,463.4736938,460.0425293
Montenegro,MNE,418.5717571,407.5601213,408.3229221,410.267633,412.3272224,417.7330455,425.0919317,435.2465878,437.4635226,433.0139698,428.1121119,423.8015352,422.2232114,424.3515556,423.8584019,429.4622543,426.5774366,416.7667215,407.1052386,389.0179387,379.0689742,379.9944973,383.5033718,386.1844496,384.7989995,387.2396509,388.2318453,387.3045627
Morocco,MAR,520.5473349,519.6402016,520.1301251,523.3407011,521.4548411,525.3832153,529.0285347,534.7546753,530.3547217,530.4652335,516.9796977,507.8726742,498.8351312,496.1981264,491.4096612,489.0998451,489.1556241,484.9746566,478.7460776,470.4317973,463.6244209,457.0317216,446.8833387,440.9674416,435.3462317,429.6342881,424.3626135,419.1458766
Mozambique,MOZ,403.1075523,399.5603461,399.1562751,397.6221861,393.2186783,391.0082104,389.7783624,390.1320876,382.0410086,375.665815,371.4710963,362.0575579,358.4778657,355.4076095,355.263759,357.331904,358.9774125,363.2629326,362.6849218,361.8581956,362.0908085,359.7808281,356.8652524,352.1999704,347.5738737,342.5624884,336.7356244,329.94194
Myanmar,MMR,348.2992663,347.2608899,345.4028959,343.1723429,340.3888902,337.350616,334.221268,330.7191852,326.8458247,322.3355429,317.3079878,311.7668776,305.6714822,299.3130465,293.2294313,284.1128218,275.4914152,265.5255233,256.4157864,247.7120464,238.5300056,231.3134144,224.5762748,219.2039943,213.7463401,209.6985351,205.724837,202.1044573
Namibia,NAM,388.3895274,384.2781036,382.8895812,382.5045185,386.0213533,392.9884983,401.2479562,410.4972678,421.8256472,429.9870581,437.5500978,433.3982658,433.5167029,423.716162,409.5085575,389.3609638,364.218473,339.2425827,317.6757365,299.3763854,283.4463063,268.9713844,261.7634647,255.8258251,251.5660519,248.4844299,245.9551504,243.8105764
Nepal,NPL,291.863335,287.8347441,281.940754,280.1663608,274.5577842,269.1651061,263.1184125,259.0129241,254.9268544,251.1102444,247.630522,243.1589486,241.0622935,239.9388632,240.6988279,242.3534967,245.1860217,248.864888,251.7777484,254.8869374,257.4134884,261.5119018,263.7800827,264.1309762,263.0943091,263.5303012,262.549223,260.7972703
Netherlands,NLD,243.3346336,236.9955825,232.1346003,235.4699503,226.3003998,221.4630575,217.1971506,209.4532052,203.8567527,202.8670263,198.8178182,190.9476569,185.2830589,177.8366504,165.8361885,156.1865949,147.0158477,138.2896344,133.8315187,127.0416219,122.263552,118.8888859,116.5724035,112.8315521,108.6633441,108.9649452,109.200158,109.3613914
New Zealand,NZL,286.8937686,273.9420181,270.5410673,264.3855745,251.0980125,255.4909609,244.4996369,231.8984045,217.3780133,216.1185303,204.0306534,200.2744473,197.078387,189.9358116,181.4656165,171.3020443,164.579882,160.3082509,155.2431565,148.8294843,142.5853743,140.7399613,137.0801485,132.028767,131.5909304,129.6506855,128.9521121,128.7972514
Nicaragua,NIC,217.5960933,224.6375549,218.7083644,221.8629385,219.7702327,219.7372405,213.8641933,201.9715555,196.1649512,192.6812921,188.7621569,190.7968362,191.4008989,189.711694,185.8365842,182.6873431,170.4824127,168.3816683,164.5267397,158.9291216,150.5357392,150.2216212,149.4521998,149.0553175,152.6145746,144.7267595,139.9401985,137.0156338
Niger,NER,316.9384465,311.2048573,309.4458565,305.9691813,301.6022236,298.7224976,291.3167951,286.818674,281.838549,278.7494406,276.9727214,274.1435637,267.5916469,262.0641663,256.4574172,252.4156885,249.3210527,245.0142355,240.8886381,239.2353235,237.0105136,236.9020386,236.3887846,236.838408,238.023322,238.9588632,239.7089745,238.3388099
Nigeria,NGA,248.7924897,248.2851527,248.3086751,247.3801476,246.7480758,245.8679149,246.2068161,246.2632285,245.8826461,245.1456143,244.1329888,238.0390858,232.4910171,225.0269506,217.4690771,209.6822284,202.7898744,196.7221889,190.4347755,186.2558564,183.085522,180.7518528,179.8485866,179.5698491,180.567866,181.3454133,182.0132957,181.0133495
North America,NAC,252.8721569,246.1902656,238.962078,239.7527617,235.5593685,232.928051,227.4421886,222.2664689,218.1857327,216.5648145,211.6475474,206.9222985,201.9456264,195.5006511,185.3032865,180.8106477,173.7944311,167.1226658,162.6824268,157.4250137,151.5989648,150.090867,147.6594693,145.8209296,145.0377303,144.798726,145.7121469,146.1495736
North Macedonia,MKD,504.0296146,496.5463874,515.1316365,522.0234631,516.0300059,514.4224941,515.4907613,516.3038821,510.3858459,491.4718163,485.3984825,484.6232026,481.1022972,468.5442387,448.6050641,438.8838221,435.6286949,428.0188249,400.0408176,387.8883527,375.5575607,357.9909413,348.0273251,326.2761015,313.7159104,322.7601421,322.5581973,322.68814
Norway,NOR,281.0116882,272.933316,269.2650497,262.1286995,251.9307751,245.3717743,236.0066579,228.8587425,225.6394618,217.9403698,211.700223,202.9274642,196.2123408,182.7930466,171.9798283,162.4754856,155.361915,151.596411,146.2875638,141.4425349,137.3635604,137.3321603,127.750553,125.7908779,119.0826437,114.0513764,113.5466461,114.3157392
Oman,OMN,449.5383788,445.4174421,441.0971823,435.2206374,430.3522615,425.0516044,420.907257,416.2800162,409.5201061,399.6311514,390.4251171,381.3639763,370.1282066,359.5365962,349.6632746,341.0368913,333.6063035,327.171347,320.9576486,314.8811195,320.9800229,327.7618858,317.044567,299.4422865,292.3833605,285.7272195,268.6022604,266.3415167
Pakistan,PAK,376.7318177,392.4535751,399.1006791,407.3936657,417.7623763,434.6680478,440.7343331,450.4641801,451.4925454,450.9330917,450.4962113,450.4289376,449.8789709,450.9189225,451.1178905,451.4064792,448.1030066,443.8204805,441.6630501,438.3955933,435.6016265,433.4755583,431.7924047,430.4416823,429.7904987,427.9218495,426.1257747,423.031348
Palestine,PSE,404.2831897,404.5596149,405.1617539,404.3611913,404.0396008,404.4388443,404.1529871,404.3814107,401.5664788,398.9208492,398.4102981,395.51311,399.2132762,394.7388704,401.7070018,394.8962879,387.4341031,379.3193955,366.1693579,353.9114427,340.2009965,326.9048208,318.0218829,299.6456025,288.9640449,279.1435506,269.6485104,265.9104419
Panama,PAN,228.4273648,222.1847969,223.4826972,222.1643682,215.1741451,210.9194763,205.5276012,205.0924371,186.1612006,169.2539783,161.4120505,155.8569706,152.9461341,151.5183469,148.6698302,147.6243754,145.789414,141.3708665,139.8191037,139.9748401,138.2440046,135.4047431,134.1566118,133.7398808,131.044853,128.5239032,128.6743305,128.3460872
Papua New Guinea,PNG,600.7272517,599.7915427,598.3376501,594.9842406,592.0576011,590.943559,590.5937513,591.8797813,594.5071505,596.4594672,600.0853625,602.4008383,604.7386433,607.6671692,609.8899583,611.4761054,612.5048414,610.8314051,608.2924116,604.9782573,601.3912339,596.7077072,591.0478479,585.2780315,578.7851472,572.5155709,566.8813927,561.4939494
Paraguay,PRY,279.3769993,274.2163192,276.8997449,293.8220805,291.7513375,271.0367209,261.006803,241.4512897,235.9813029,229.3440813,220.4676592,210.2228623,205.1787923,207.6714541,214.9769491,215.4202692,217.987799,210.3666989,208.8114456,215.9962218,220.1364641,215.7630612,211.3518486,215.5175932,207.4710878,203.4606913,201.2872767,199.1278742
Peru,PER,173.3519141,162.5016312,176.2917218,181.5089489,179.571677,181.3973459,171.1708123,165.5953315,160.3853538,145.4287548,138.2376129,128.9969029,126.3048233,127.7708453,124.1514449,118.1777545,109.9851372,106.0977899,105.6290981,109.5677286,108.6502104,104.0650847,100.0184514,95.65384638,90.02652366,86.48303795,85.52351474,85.75458414
Philippines,PHL,323.0006062,319.0545684,332.2395943,327.2149568,331.4603493,335.1384882,334.2246991,335.7637854,331.0120152,327.7035686,335.4439381,342.6170132,348.4254205,348.144678,350.0819661,358.3182279,363.2200833,362.4892148,366.8479738,372.2705454,372.4654426,374.194823,376.9526099,377.7463947,376.4228077,380.6780544,375.7537502,370.4368854
Poland,POL,480.2694081,494.8886545,481.4453493,463.7199642,453.1980404,446.7770242,431.1458908,419.6102423,401.0039701,393.4013218,369.1001947,354.8357412,342.8097225,334.4446269,324.8437094,314.7072379,307.0952382,302.0172254,293.687098,284.9829585,268.1033964,258.7479791,254.887447,246.7756259,235.8080654,236.1323613,231.3030694,227.3309192
Portugal,PRT,365.8051692,362.583959,347.8776979,345.6416618,318.0841071,314.4505388,310.0712434,296.9177883,285.2427547,275.1671597,259.340873,246.5005147,237.0870006,227.341467,204.1279406,188.5205414,176.4603199,170.1688475,162.3463882,155.4066333,147.9370641,140.1918603,136.0451912,131.4136755,127.766733,124.575978,126.3559272,127.8421969
Puerto Rico,PRI,233.331355,226.4169351,222.8245884,218.7006842,208.465186,207.0447864,201.67172,187.1315749,190.2142434,177.784364,169.2205852,167.3491551,154.9377959,151.1232905,149.9929449,146.2204047,137.021343,132.7933606,127.9114875,125.1855443,118.6008357,120.0692952,112.1496818,109.8834598,105.6767876,100.8626841,105.1687084,108.093833
Qatar,QAT,500.4697471,502.3084202,507.6142737,523.3454882,518.2721546,505.7463496,498.5578575,487.3103795,475.5497623,451.8430218,415.9294983,375.4807031,341.366531,310.0726322,287.1075871,279.87231,265.3239805,250.9183429,247.3828733,233.6336396,220.8196816,211.038365,202.6178183,194.7542522,187.6013515,181.956629,177.8391041,176.689779
Romania,ROU,577.8610047,584.514231,607.3459978,606.073113,603.9523653,616.8884921,633.0804705,620.5401944,592.5535057,567.6419364,540.9649893,541.372997,547.2007899,536.1503088,512.4659071,506.1356468,485.4572655,461.4229711,452.8350291,448.9593756,438.6589865,410.6244058,404.1436851,388.9679025,385.3320059,379.5767321,373.4032713,370.9463312
Russia,RUS,538.0217563,535.9947299,563.8468495,658.3428362,712.0672777,679.8181232,644.9203537,620.9443056,615.8491297,661.0266803,684.7955351,691.5165179,709.8014719,716.6488057,690.7640708,705.2797662,645.1378645,608.12885,601.338551,566.1767462,559.2963062,513.1886748,489.63817,471.0364445,465.9564062,452.4579452,439.0592482,431.2974886
Rwanda,RWA,407.8722337,413.5071683,413.168802,408.980789,418.9254591,421.5714866,413.9297844,402.9774479,385.2049989,364.800889,343.21492,320.5399545,300.1160827,281.7176176,264.7508284,249.226176,237.4855056,227.7675145,218.6219376,210.3697477,205.2243561,201.0809272,198.4842265,197.1777577,195.6722067,193.9294858,192.5047901,191.3751082
Samoa,WSM,347.3508695,349.1455103,350.9900264,351.6958802,354.292326,355.8052105,359.7990791,358.0467007,355.7487942,354.5480871,352.7252337,349.8868375,346.8575385,344.1927003,341.5267953,338.5952744,340.1303202,344.5199155,343.3471381,351.4523023,352.0948877,354.3825426,354.6501276,353.8017234,353.0469849,352.0221971,350.6077196,348.9773287
Sao Tome and Principe,STP,254.0602138,258.0254298,260.7447256,264.5586997,267.350702,270.3358509,276.1209575,282.4598492,286.5265711,286.8989595,288.0063017,286.4704984,285.765158,282.8595342,281.7163659,277.4828919,275.3078335,269.9555565,266.3570637,267.1727833,267.8743868,268.0859451,271.7353149,270.2204286,268.6679768,268.2817765,270.4426016,270.1134443
Saudi Arabia,SAU,296.2062972,293.9691256,290.5651896,286.8695093,282.9861005,279.395104,275.6642389,271.9328008,269.1365294,267.6452113,267.7252249,267.9182777,276.7186156,280.6352075,283.5150691,291.4421538,297.0894126,301.0341728,305.6671972,309.0069741,310.6984935,309.2170349,303.6554699,295.2308283,284.242907,274.6964165,266.6717559,259.5379835
Senegal,SEN,276.4239774,275.0000242,274.0980285,273.0660688,274.8358714,274.4083329,273.8957259,272.3859438,270.367628,269.8157401,268.3676981,265.2723319,261.6316096,258.0350309,255.6178309,253.1903428,251.1935117,247.9594654,244.6496323,242.9339198,243.1680598,243.9497575,243.7776365,243.7485696,244.2637698,244.4242586,243.3064429,241.2191488
Serbia,SRB,511.8957368,485.7228592,514.7898776,527.4636082,540.5765659,551.8578774,553.5934872,561.2472992,524.5653391,528.2381012,527.2887091,516.4107052,515.2225115,515.5381383,509.6048387,512.3929772,502.0661284,489.0988624,488.8335137,487.7498613,475.3697454,477.8115685,479.3290068,465.2372259,463.8285733,461.9566727,446.5276788,439.4150345
Seychelles,SYC,353.4390143,356.3941643,357.1011191,354.0765498,348.6170934,343.150181,338.8907288,333.953778,330.9272502,323.259223,315.4797087,307.2220365,301.8566946,296.2296364,292.2629169,289.3529258,281.0470574,272.6225475,270.6019166,270.2075129,265.8648414,261.9363952,258.713633,252.4876445,248.4675629,247.3999652,244.7862855,242.6480814
Sierra Leone,SLE,332.7928855,330.7547035,330.0860719,326.963903,326.0517755,327.7158598,328.5331857,334.8283458,336.2859091,341.948955,347.6276442,352.6914425,358.3312416,359.9465429,361.8692203,362.2624176,361.9543318,362.0826261,359.2842066,358.7387916,358.5211539,354.7659963,351.1285082,343.9521133,338.3255751,334.2617369,329.8886837,325.7210202
Singapore,SGP,265.8621711,255.2083387,248.6213958,243.3986536,240.122072,236.5663705,228.1395029,217.7784915,211.5408987,204.4245196,196.4629276,190.2249542,180.0309318,165.8742081,162.4084904,155.9434549,148.4009936,140.7369264,134.9886607,122.8803487,116.7365709,113.1009403,109.0989898,103.788988,99.8347198,96.31141713,92.58691749,92.24345584
Slovakia,SVK,508.9961522,495.4092426,478.7665237,465.9802716,450.9388611,453.0682262,438.8066786,450.093932,448.4338551,439.452855,427.3393021,423.4761701,411.5299971,405.3114962,395.0166962,397.115867,389.9408294,386.9358907,370.3929001,360.8355642,344.5842403,333.2294201,320.0937629,308.5911739,299.2574738,303.2657406,292.2995542,287.9590182
Slovenia,SVN,359.6467786,361.9274919,352.9201168,354.4144416,337.865865,312.340005,299.9186106,291.1555441,287.0010649,276.1492128,259.0036169,250.5620905,242.6368852,241.8429796,229.4894802,215.7778812,207.1514113,202.292434,194.9793851,188.6106161,180.8711436,173.2761774,172.1414407,167.930785,156.9709896,157.2870676,154.1939467,153.493364
Solomon Islands,SLB,553.8121029,549.7399935,543.8734223,538.0262893,531.5420634,524.3266596,518.5812363,513.8022996,509.4944882,505.5573621,503.2647643,502.3617784,502.0508322,501.0152209,499.8952148,498.0052506,496.4421686,493.7785978,490.4857674,488.0577596,484.9650135,480.1324362,475.7745463,471.9290711,468.5746684,465.4847136,462.2648569,459.7796892
South Africa,ZAF,204.7106373,204.2748618,210.0872831,210.5295779,224.0537357,227.4116256,264.0771989,297.0091908,305.6557168,305.9273682,319.633836,307.0191532,304.634286,302.6369166,297.3076767,295.6726196,296.9078431,290.9073393,285.1441419,278.2546633,266.4757807,254.1184904,243.7708858,233.4266713,226.5847593,223.9414351,217.9613237,200.3804548
South Korea,KOR,369.887054,352.4774285,323.5369556,302.6032011,288.2785719,260.9675312,239.7066851,226.1108328,218.1644014,212.6807959,203.7603198,191.0831146,182.8270861,174.002811,164.1723185,154.1352331,142.6752068,132.4360902,122.2923084,113.8908433,108.5461283,104.6383868,100.7043603,94.6162797,89.61476284,87.42216151,86.20593783,85.99784635
South Sudan,SSD,375.2236417,375.725367,380.7199132,384.8819962,386.6043106,387.9685758,385.4702794,376.8290157,371.5630836,360.7447363,351.3276365,338.0334299,329.312254,325.0021721,320.966262,315.6763099,313.3951521,309.5521012,305.0771633,300.2834803,296.0391715,292.2695685,289.5651957,287.3772036,284.8020282,283.8399928,282.5393121,280.7752336
Spain,ESP,230.694152,224.9897016,212.9028167,205.7698591,198.9778013,195.0579079,190.2917905,181.7878941,179.566653,178.184736,166.6459533,160.366775,156.6212409,155.8735191,147.3370041,143.0611118,135.2700152,131.7802549,127.0984865,120.0596994,114.3887966,111.9278796,109.274419,104.7686119,102.7833022,104.7322578,101.2340868,99.40348688
Sri Lanka,LKA,339.2817789,316.8072366,314.5543053,308.9689822,317.7863641,331.564003,337.9773172,349.9012489,327.8978607,324.8127822,320.048899,295.5902669,280.9217133,276.509898,267.7384947,260.2212214,258.4029234,255.6687842,255.5667429,239.8354846,235.9763008,232.527199,225.3993247,216.2507653,212.1025807,207.0821846,201.5168955,197.0931544
Sudan,SDN,623.7645643,617.433454,611.7467644,605.5434576,599.7908446,593.6502077,587.3623402,579.9449969,572.4447308,563.467615,553.3873812,544.4196993,535.8949198,527.3352271,519.2453931,511.903912,503.3568667,494.703744,487.2046173,479.9593752,472.7864717,464.592008,457.8668384,451.4414963,445.5574423,440.1915778,435.2550292,431.3879506
Suriname,SUR,368.5752865,361.3408504,354.571808,359.9272695,336.0356419,306.1855969,304.9843178,308.5568299,308.657694,310.6761279,307.5524538,302.2496418,304.9599577,305.0402602,304.2989077,299.7044228,288.5647554,278.5970533,268.0230237,257.9376096,253.9580509,248.0922845,243.8071759,245.4691243,251.9200022,262.9355691,264.7084451,258.3135135
Sweden,SWE,274.3596039,271.2217823,260.9638907,256.0477256,242.4381774,239.4700315,233.7932556,226.7058514,222.5960304,218.9977578,211.8538442,207.5399715,201.9139225,193.9246304,190.3352051,181.1562405,177.2170538,173.7611568,169.2201681,164.1539851,156.152718,153.6039709,148.7402922,144.6715513,140.2105025,136.7981588,134.0919446,133.9820066
Switzerland,CHE,228.7007464,223.8648238,214.6169234,206.6716487,201.7007533,198.1040901,187.2905107,184.6403167,178.2130399,171.0895704,168.1509121,160.1293752,157.3342658,154.3344584,145.3894155,140.3441871,136.243476,132.1159576,127.2923988,125.2900091,120.7284434,114.8137902,113.0262411,110.371973,105.7838171,104.2295563,101.6597305,99.73931792
Tajikistan,TJK,394.2257621,414.4005019,441.3909468,451.6733737,484.2574499,483.6458555,474.7961859,452.8555189,436.266081,426.0238906,421.0333807,421.0982214,421.5912331,422.0110272,422.5326428,434.0585907,434.0059991,435.6082116,434.3166992,431.5780039,430.0232168,429.703001,424.9035044,420.4207528,420.6292269,426.4648026,428.9046431,427.6981987
Thailand,THA,237.827079,236.8098538,236.1988534,236.9408046,227.8612679,220.231951,216.7275898,198.9266828,187.4761455,187.9447132,179.8921611,166.5750494,163.3501728,155.6843506,152.4386713,149.1990729,143.6364256,138.6037365,133.4392908,126.1845742,124.3450292,120.0097936,114.9209842,110.5203682,109.0297237,107.9601352,109.4833687,109.8612219
Timor,TLS,428.2529667,422.3433331,416.9656992,410.8881179,404.5463752,397.6508251,388.8360764,380.0015605,374.4754708,371.831608,368.9556608,362.4318675,358.4320357,357.0192071,353.1152779,347.4058314,338.5845284,333.5869665,329.1697949,326.5054041,324.5805256,324.0812078,324.3210536,327.1619078,331.2601186,332.8059187,333.6339563,335.3455181
Togo,TGO,318.6697069,318.3334038,317.9862845,319.233699,319.9692329,318.430001,318.2835447,319.8797205,321.8783746,318.3208307,318.6982381,318.7703071,318.045495,319.7639805,314.6094924,313.1960992,310.6409823,310.0720598,310.3390532,307.768317,306.3768339,303.6181901,300.5483422,296.3887883,291.6925564,287.0872946,283.3323863,280.0328298
Tonga,TON,276.9294791,276.6301434,274.4006578,273.9477466,273.0007594,271.2124691,270.354608,269.9104145,269.3700494,271.2196198,268.2868951,264.2378009,261.8297585,258.6223362,254.7923784,250.7940285,248.9069339,247.959916,245.7079741,244.2649776,244.1542609,241.4928671,239.244245,237.3889723,235.2561169,232.6599237,229.7345042,227.4903353
Trinidad and Tobago,TTO,401.2124382,396.1865415,397.6634231,408.3206214,415.4402649,397.564524,397.3682314,378.9281687,381.7133548,372.6202339,342.6984857,328.4609058,309.0580723,306.7270138,293.8110454,279.7320526,263.7337238,254.5398667,257.7068895,244.4143303,231.4733952,214.7092298,211.7099444,219.2432417,220.6052629,220.8334086,227.0617663,228.4670438
Tunisia,TUN,438.0046512,437.1104018,438.9902463,437.0715444,432.1273673,431.1410771,424.8554994,436.792286,436.2131352,427.5509622,412.9618835,402.667631,393.4999361,378.1920976,370.2779269,364.1209571,356.9160027,351.1101881,345.6119542,339.9647481,334.6828053,331.4693272,329.137574,327.2679656,325.5177537,323.5378832,321.4524617,318.9907945
Turkey,TUR,334.277134,333.5532368,328.5957748,323.7824269,321.5493163,313.6992133,298.4479196,286.1056365,274.3490576,262.1261654,242.9044038,229.6176852,219.0910042,210.3739011,200.3358663,197.1410224,193.0141568,187.2455388,183.6404108,188.1804611,186.9624293,184.8499331,182.874459,183.6647757,184.5383081,180.4059474,174.7572366,171.285411
Turkmenistan,TKM,563.0547978,581.8622066,607.1065495,664.653326,690.0111108,699.9826991,714.6966545,703.4232428,685.1594694,669.6922605,652.3010027,649.7906758,670.9276291,694.6724914,725.2105325,751.4347617,745.101749,719.0068835,668.5819379,600.1762142,560.8838677,550.7172283,548.8051323,551.1692878,551.6722876,545.9535439,539.3308244,536.7834577
Uganda,UGA,277.1602195,284.3990642,288.9091913,296.6079382,304.3972471,310.6663123,315.6442406,317.0952437,319.2716254,317.5911878,316.0088406,313.9967532,309.2973598,303.0202977,296.5923598,289.2234693,280.3652182,270.0496214,259.3488517,250.0640104,241.3351147,234.2955722,229.8061621,227.3157508,224.3182065,219.4865346,215.4124125,213.3326586
Ukraine,UKR,530.2072796,556.3348017,583.4798713,615.0351437,643.5494931,693.0832319,682.9703455,648.2775553,610.1305363,628.9139358,643.3356151,630.0470485,636.3604537,635.7052402,644.5266819,654.7645681,627.8048946,637.7829106,637.6527372,587.058264,571.1250159,546.2865403,542.8165145,537.4404967,510.3685542,583.2711198,565.4519834,539.8490696
United Arab Emirates,ARE,385.1872963,382.0965044,380.6114585,378.7962601,377.3651239,378.1326724,373.7290659,368.9050262,383.8234905,394.8912207,398.9202589,395.1316875,373.8738873,372.8097295,366.6262801,347.2326205,342.9729854,336.0443943,325.3182511,322.7222699,322.2390635,321.9384737,322.1766031,321.5072252,321.1362755,320.2390866,319.3753693,317.8397307
United Kingdom,GBR,300.7580192,292.5453875,283.7407464,281.8926707,267.1846163,263.3387687,253.7701937,243.0091251,236.0443536,227.6311456,216.1363805,207.7628735,202.8924655,195.7253295,181.1750487,171.2595852,164.3605711,156.2985825,151.1459749,142.0407514,135.9897181,129.2595723,126.1347969,125.2387558,121.6865107,122.30632,121.6965668,122.137185
United States,USA,256.117049,249.5202621,242.139026,243.234808,239.1094022,236.5612474,231.0567769,225.9533582,222.0018606,220.8653295,216.2862084,211.8571677,206.9658658,200.4402119,190.0028659,185.6596527,178.7264802,171.6694939,167.1521854,161.9410593,156.1114191,154.9614713,152.3737762,150.7277101,149.6783666,149.3206548,150.5341174,151.0894919
Uruguay,URY,295.5738798,276.8973975,280.0030098,280.9313067,269.5422475,265.0498506,255.6744308,246.5972563,249.1473336,243.6118129,232.3547929,223.3129047,221.3053496,220.8371095,217.1148301,207.7515147,195.5276528,200.9020874,185.4388533,175.4086112,171.8370832,175.3386721,172.1631859,165.8276409,159.3341089,159.5282912,159.9258842,160.7084314
Uzbekistan,UZB,455.2597219,472.7956239,505.3085605,544.4626525,569.543849,569.4438866,571.3546065,582.4197063,612.1530992,623.844359,643.4209133,670.7398513,705.5441158,739.8724697,776.258709,795.7591374,781.1625477,779.6166583,791.3348806,781.9869854,778.8174767,771.3129263,772.2716242,770.6446507,754.7710037,746.7353102,734.7666441,724.4166949
Vanuatu,VUT,596.9847114,595.9994301,595.0340485,594.1801036,592.1728654,590.746811,588.5451049,586.7762597,584.6211357,583.5102749,581.7098343,580.780975,581.4801107,580.1682383,578.8401833,577.4764551,573.8504167,571.0341643,566.9193034,563.1560691,558.5023119,555.3157503,553.0341927,550.7216992,549.0248688,548.4805107,547.4541929,546.3001539
Venezuela,VEN,304.9352799,304.9352799,303.547727,298.8401526,303.4583555,290.8401543,270.2715963,252.9385946,247.9882183,238.1448757,233.2161164,228.71366,223.9040842,224.7901365,209.9745022,203.2621386,202.6384977,201.8216785,204.080586,200.6789924,195.0271045,194.8944016,195.8858531,199.2873695,212.8216489,216.8740565,203.7884833,204.850277
Vietnam,VNM,322.0764782,320.5533003,319.0052278,316.9467394,314.1082954,310.7655444,306.8215348,303.8058976,302.00142,301.1593881,300.1727792,298.4458896,295.0594054,291.4228663,287.6567983,283.2206931,278.8659754,274.1954193,270.1509752,266.3665307,262.4188678,258.2632201,254.725562,251.9680282,249.9833554,248.1991307,246.6714068,245.4645697
Yemen,YEM,644.4655869,641.6532,640.3050363,639.52212,637.9540007,635.080854,630.2160888,624.5248916,616.7574184,608.8686701,598.7363031,588.2925529,578.8035395,568.7780204,559.5255145,548.9904842,538.7612541,529.1097622,520.2504529,512.9381527,504.6395937,499.3244994,495.0052207,491.6074442,490.1484991,491.3076359,492.9732227,495.0026994
Zambia,ZMB,329.9656631,340.6850228,350.581532,359.5332026,368.9685684,377.5863945,380.3020295,378.1565272,373.5994704,362.7371817,350.6329386,335.2770217,321.0301624,309.9003943,297.0456975,285.7980847,278.4044621,270.364887,266.9862335,261.5000831,259.8848156,255.634085,250.8982252,246.4702296,242.4110728,239.305572,236.3191577,234.4992853
Zimbabwe,ZWE,261.1910999,248.6951514,244.6730284,241.5863364,241.1045627,245.3967719,248.4332755,261.4164356,287.555835,316.7538327,349.2690577,364.4527382,383.8582421,389.9382214,398.7204147,400.9588426,399.7366107,397.5788799,399.0601413,397.3711155,387.6959576,370.4478208,354.9099154,341.3103055,330.5271918,320.9851919,313.6080875,307.8461952
